RANK,CITY,POPULATION,POPULATION GROWTH 2008 TO 2013,UNEMPLOYMENT RATE (%),AVERAGE HOUSEHOLD INCOME,AVERAGE HOUSEHOLD NET WORTH,AVERAGE HOUSE PRICES,AVERAGE YEARS TO BUY A HOME,AVERAGE PROPERTY TAX,SALES TAX,INCOME TAX ($),NEW CARS,WALK TO WORK (%),BIKE TO WORK (%),TAKE PUBLIC TRANSIT TO WORK (%),TOTAL RAINFALL (mm),DAYS PER YEAR WITH PRECIPITATION,DAYS PER YEAR WITH RAIN,DAYS ABOVE 0C,DAYS ABOVE 20C,DAYS BELOW MINUS 20C,MEAN DAILY TEMP.,DAYS ABOVE 24C,FIVE-YEAR CHANGE IN CRIME RATE,"CRIME RATE PER 100,000",CRIME SEVERITY INDEX,VIOLENT CRIME SEVERITY INDEX,NUMBER OF MEDICAL OFFICES PER '000,DOCTORS PER '000
1,"St. Albert, Alta.",64.377,4.10%,4.3,"$128,270.17","$561,899.00","$373,426.00",2.91,"$3,286.00",5.00%,9474,17.54%,3.01,0.56,4.95,351.8,113.42,73.36,176.9,84.46,28.49,3.53,0.09,-25.28%,5648.98,48.9,27.72,1.1,2.61
2,"Calgary, Alta.","1,306,471",10.00%,5.9,"$119,771.69","$620,700.00","$435,825.00",3.64,"$2,782.00",5.00%,9474,21.33%,4.91,1.1,15.04,326.4,111.77,67.89,170.8,87.21,21.7,4.43,0.16,-24.23%,4442.43,59.53,61.66,1.11,2.51
3,"Strathcona County, Alta.",98.232,9.20%,4.2,"$137,509.40","$716,333.00","$408,331.00",2.97,"$3,398.00",5.00%,9474,18.95%,2.67,0.51,3.22,342.65,105.49,70.69,161.9,85.7,29.34,3.54,0.04,17.68%,4001.17,44.52,19.52,0.78,2.61
4,"Ottawa, Ont.",953.589,9.90%,7,"$103,186.09","$457,513.00","$398,845.00",3.87,"$2,283.00",13.00%,8694,22.26%,7.25,1.97,21.21,755.45,160.65,118.34,215.6,116.53,16.84,6.64,17.48,-15.24%,4589.7,57.64,59.21,0.91,2.45
5,"Burlington, Ont",187.497,6.80%,5.8,"$110,113.81","$623,548.00","$496,412.00",4.51,"$2,855.00",13.00%,8694,20.35%,3.4,0.69,7.59,763.27,135.77,113.91,239,125.32,2.66,9.07,40.8,-24.75%,2611.04,28.59,23.59,1.16,2.54
6,"Boucherville, Que.",41.928,4.60%,3.7,"$122,131.67","$581,748.00","$352,698.00",2.89,"$3,333.00",14.98%,11302,26.95%,2.66,1.51,13.63,844.01,168.19,124.98,228.2,111.82,8.42,7.46,32.93,-23.73%,5056.13,70.83,65.18,0.6,2.34
7,"Oakville, Ont.",196.722,9.80%,7,"$145,694.87","$948,281.00","$692,902.00",4.76,"$3,756.00",13.00%,8694,23.99%,2.99,0.53,14.52,725.63,117.55,102.43,221.7,107.18,2.66,8.05,18.25,-24.75%,2611.04,28.59,23.59,1.13,2.07
8,"Edmonton, Alta",868.392,9.50%,6.1,"$91,807.29","$390,402.00","$375,308.00",4.09,"$1,966.00",5.00%,9474,18.61%,5.1,1.14,11.72,347.76,122.93,77.31,185.1,88.38,24.62,4.18,1.45,-26.31%,7460.89,91.8,115.38,1.12,2.61
9,"Regina, Sask.",221.999,7.30%,4.8,"$91,328.02","$392,064.00","$372,335.00",4.08,"$1,965.00",10.00%,10195,15.36%,5.38,1.25,4,321.11,114.13,74.7,152.9,107.46,45.04,2.73,7.72,-24.28%,10393.1,120.17,116.45,1.52,2.36
10,"Québec, Que.",535.353,6.30%,4.7,"$70,627.27","$233,850.00","$249,015.00",3.53,"$1,609.00",14.98%,11302,25.62%,8.07,1.53,12.68,899.3,174.93,118.16,194.5,94.07,31.14,4.22,3.53,-25.92%,3987.91,50.82,55.69,0.86,3.35
11,"Kingston, Ont.",169.645,6.30%,8.1,"$83,515.16","$369,279.00","$318,189.00",3.81,"$1,865.00",13.00%,8694,16.79%,9.01,2.17,3.83,808.71,159.06,123.38,222.5,99.09,10.67,6.87,7.24,-9.30%,6134.77,63.74,60.16,1.23,4.36
12,"Lévis, Que.",143.934,7.00%,4,"$75,659.17","$248,740.00","$232,092.00",3.07,"$1,860.00",14.98%,11302,22.17%,4.03,0.77,4.2,899.3,174.93,118.16,194.5,94.07,31.14,4.22,3.53,-14.99%,3271.31,38.2,36.25,0.56,3.35
13,"Saskatoon, Sask.",278.389,10.90%,5.5,"$89,768.06","$377,703.00","$355,092.00",3.96,"$1,908.00",10.00%,10195,13.81%,5.69,2.13,3.55,263.83,108.7,65.48,170.4,103.88,38.8,3.25,9.75,-23.43%,10016.53,117.43,141.44,1.79,3.02
14,"Saanich, B.C.",114.323,1.30%,5.7,"$86,710.20","$692,672.00","$577,652.00",6.66,"$1,903.00",12.00%,8611,10.90%,5.54,5.1,11.08,886.27,158.51,156.12,334,70.54,0,10.31,0.19,-21.49%,4662.79,44.18,31.44,0.74,2.98
15,"Gatineau, Que.",278.252,10.50%,5.7,"$82,203.49","$207,079.00","$250,721.00",3.05,"$1,996.00",13.00%,8694,21.44%,4.47,1.72,15.81,755.45,160.65,118.34,215.6,116.53,16.84,6.64,17.48,-12.79%,5645.79,69.14,74.73,0.45,2.45
16,"Moncton, N.B.",145.873,9.60%,7.3,"$73,386.54","$192,515.00","$160,158.00",2.18,"$1,614.00",13.00%,11036,24.01%,6.69,0.95,2.67,841.97,160.77,122.8,198.3,99.12,13.98,6.08,3.86,-30.94%,5115.6,67.16,83.41,2.02,3.28
17,"Lacombe, Alta.",12.51,10.00%,6.9,"$91,951.99","$430,669.00","$262,575.00",2.86,"$1,911.00",5.00%,9474,14.74%,8.3,1.04,-,366.45,108.03,75.71,156.3,81.02,28.17,3,0,-29.61%,7169.9,67.65,59.76,1.76,2.3
18,"Rimouski, Que.",53,6.80%,6.5,"$65,898.06","$195,631.00","$177,041.00",2.69,"$1,496.00",14.98%,11302,20.86%,10.16,1.15,0.66,686.51,166.74,115.55,196.9,72.3,13.88,4.37,2.51,-4.63%,4868.64,53.83,57.38,1.45,3.91
19,"Winnipeg, Man.",769.351,5.00%,5.7,"$80,375.63","$331,003.00","$289,116.00",3.6,"$1,711.00",13.00%,11036,16.97%,5.43,1.47,12.37,418.91,125.34,78.28,172.1,109.65,51.98,2.99,11.11,-24.05%,6823.51,102.3,161.88,0.84,2.72
20,"Repentigny, Que.",85.425,7.10%,5.4,"$84,146.76","$275,601.00","$245,175.00",2.91,"$2,114.00",14.98%,11302,23.04%,2.73,0.74,5.68,800.6,160.48,121.12,201.3,108.19,28.72,5.44,9.58,-5.36%,4015.35,44.33,32.02,0.8,2.34
21,"Blainville, Que.",57.058,15.50%,4.6,"$104,837.94","$404,908.00","$302,838.00",2.89,"$2,765.00",14.98%,11302,27.52%,1.86,0.92,6.24,835.94,167.46,119.55,198.7,111.65,25.27,5.33,6.84,-14.11%,3768.37,52.65,53.84,0.63,2.34
22,"Fredericton, N.B.",99.066,9.00%,7.5,"$76,907.61","$235,639.00","$218,490.00",2.84,"$1,598.00",13.00%,10725,18.94%,7.83,1.24,3.18,859.13,148.93,115.4,192.3,104.38,20,5.56,3.94,-14.84%,7103.04,75.23,74.67,1.25,2.45
23,"Stratford, Ont.",32.217,1.60%,6.8,"$75,897.64","$379,810.00","$258,171.00",3.4,"$1,899.00",13.00%,8694,16.24%,11.93,4.62,1.88,851.17,164.95,117.69,215.7,111.88,4.06,7.43,10.4,-25.35%,5277.44,53.33,37.58,1.92,3.17
24,"Aurora, Ont.",56.697,9.00%,7.7,"$133,429.44","$832,876.00","$576,304.00",4.32,"$3,483.00",13.00%,8694,23.55%,3.43,0.45,7.95,744.58,165.19,120.17,220.8,118.74,4.69,7.9,22.3,-18.72%,2806.5,35.83,39.07,0.46,2.07
25,"North Vancouver, B.C. (District Municipality)",88.085,2.50%,6,"$118,223.85","$1,081,346.00","$910,031.00",7.7,"$2,825.00",12.00%,8611,15.79%,3.45,1.48,9.66,1861.54,175.09,114.36,212.4,30.55,0.13,5.46,1.38,-15.38%,4185.64,40.28,30.18,0.25,2.46
26,"Halifax, N.S.",412.626,5.00%,7.2,"$81,062.48","$292,268.00","$280,313.00",3.46,"$1,631.00",15.00%,11159,23.70%,9.73,0.84,11.43,1313.89,161.79,142.66,234.3,78.18,0.81,7.46,0.75,-17.65%,6489.29,74.28,92.36,1.12,3.67
27,"Whitby, Ont.",131.539,7.80%,7.3,"$109,010.00","$433,584.00","$414,719.00",3.8,"$2,966.00",13.00%,8694,20.51%,2.31,0.31,10.28,766.13,145.68,122.66,239,100.48,2.73,8.12,9.56,-26.75%,3626.65,44.71,55.55,0.57,1.47
28,"North Vancouver, B.C (City)",51.65,6.30%,6.1,"$72,793.84","$482,012.00","$658,986.00",9.05,"$1,281.00",12.00%,8611,15.79%,8.98,1.97,20.15,3734.77,203.17,195.02,296.8,81.03,0,9.11,0.33,-20.84%,7545.92,69.64,64.45,3.1,2.46
29,"Halton Hills, Ont.",62.493,5.60%,6.6,"$117,992.64","$643,309.00","$515,080.00",4.37,"$3,420.00",13.00%,8694,19.00%,3.34,0.89,3.09,741.49,138.86,112.09,196.3,120.32,8.7,7.1,8.36,-24.75%,2611.04,28.59,23.59,0.3,2.07
30,"Guelph, Ont.",150.405,5.50%,6.6,"$91,764.28","$426,367.00","$374,079.00",4.08,"$2,386.00",13.00%,8694,17.19%,5.05,1.89,5.56,781.99,167.01,127.37,205.5,112.98,8.29,6.68,8.21,-13.44%,4549.53,50.52,53.8,1.04,1.91
31,"Newmarket, Ont.",84.902,6.00%,7.7,"$106,853.45","$516,102.00","$480,049.00",4.49,"$2,924.00",13.00%,8694,21.26%,4.47,0.51,5.9,735.34,129.52,101.79,210.5,107.15,7.22,6.96,12.78,-18.72%,2806.5,35.83,39.07,1.5,2.07
32,"Toronto, Ont.","2,774,128",4.50%,9.3,"$93,287.63","$610,038.00","$594,112.00",6.37,"$1,909.00",13.00%,8694,22.52%,7.58,1.66,34.09,714.02,145.49,114.08,264.4,117.23,1.22,9.39,35.62,-20.31%,4097.5,64.52,114.46,1.11,2.07
33,"Red Deer, Alta.",96.65,2.80%,6.3,"$94,005.94","$374,903.00","$254,760.00",2.71,"$2,204.00",5.00%,9474,17.05%,4.82,1.19,3.34,383.66,119.12,75.04,152.9,83.48,31.91,2.75,0,43.21%,16451.3,163.57,151.08,1.73,2.3
34,"Lethbridge, Alta.",113.824,8.80%,6.3,"$75,911.21","$281,831.00","$193,466.00",2.55,"$1,621.00",13.00%,10198,13.21%,5.19,1.17,1.98,988.32,168.26,137.59,181.5,63.97,8.76,4.83,0.18,-15.29%,9237.53,92.37,89.78,1.48,1.98
35,"Yellowknife, NWT",20.526,2.40%,6,"$138,277.58","$330,992.00","$493,544.00",3.57,"$3,332.00",5.00%,8671,20.42%,22.74,2.62,1.16,170.73,118.51,51.3,140.7,42.78,105.18,-4.28,0.32,0.00%,37002.11,217.2,80,0.44,2.48
36,"West Vancouver, B.C.",44.226,0.90%,7.1,"$180,205.46","$2,729,123.00","$1,639,337.00",9.1,"$4,278.00",12.00%,8611,21.96%,4.79,1.55,9.3,1152.84,168.94,165.06,324.4,76.5,0,10.55,2.25,-28.58%,4109.98,42.08,32.95,1.11,2.46
37,"St. John's, Nfld.",204.371,9.70%,7.6,"$94,789.00","$279,406.00","$297,204.00",3.14,"$1,978.00",13.00%,10198,27.84%,5.89,0.25,2.48,1206.35,211.66,162.64,198.7,52.6,0.6,5.03,0.02,3.29%,8036.84,86.3,77.34,1.21,3.42
38,"Brossard, Que.",83.8,12.70%,6.3,"$94,805.41","$436,484.00","$313,592.00",3.31,"$2,545.00",14.98%,11302,21.66%,3.46,0.63,25.68,798.56,164.56,119.8,205.9,117.5,19.38,6.15,13.88,-23.73%,5056.13,70.83,65.18,0.6,2.34
39,"Vancouver, B.C",642.717,3.70%,7.1,"$80,048.15","$742,353.00","$942,329.00",11.77,"$1,545.00",12.00%,8611,16.53%,12.53,3.57,24.89,1231.11,171.12,167.41,330.5,53.08,0,10.28,0.09,-26.32%,7494.41,100.01,114.91,1.31,2.46
40,"Camrose, Alta.",18.435,6.60%,5.9,"$79,369.31","$328,783.00","$233,456.00",2.94,"$1,621.00",5.00%,9474,13.99%,6.83,0.88,0.19,326.26,114.38,75.46,164.8,82.56,33.78,3.01,0.19,-17.27%,10729.14,103.22,97.21,1.57,2.01
41,"London, Ont.",501.888,3.50%,8.6,"$80,910.56","$340,025.00","$275,233.00",3.4,"$1,942.00",13.00%,8694,20.63%,5.56,1.38,6.38,845.89,168.02,122.39,223,122.46,3.83,7.85,15.32,-17.26%,6955.62,83.36,71.79,1.01,3.09
42,"Brandon, Man.",57.442,14.50%,5.7,"$75,376.14","$254,578.00","$231,707.00",3.07,"$1,551.00",13.00%,11036,15.94%,7.38,1.72,3.86,374.85,116.61,71.99,160.9,102.96,52.84,2.21,4.68,-9.98%,9549.71,89.39,93.94,1.58,2.39
43,"Waterloo, Ont",105.444,0.70%,7.2,"$102,824.65","$550,971.00","$366,219.00",3.56,"$2,596.00",13.00%,8694,18.27%,6.47,2.74,4.23,776.77,165.97,118.73,207.6,115.67,5.99,7.01,9.8,-10.74%,4992.24,58.05,60.75,0.86,1.48
44,"Milton, Ont.",103.491,56.20%,5.6,"$113,938.75","$503,031.00","$491,215.00",4.31,"$3,278.00",13.00%,8694,21.04%,2.48,0.25,4.22,741.49,138.86,112.09,196.3,120.32,8.7,7.1,8.36,-22.97%,1848.1,22.36,11.19,0.58,2.07
45,"Whitehorse, Yukon",27.855,10.50%,7.9,"$96,112.49","$401,980.00","$417,779.00",4.35,"$1,951.00",5.00%,9147,10.88%,7.98,2.67,3.24,160.89,121.22,62.91,144,41.52,48.67,-0.07,0,0.60%,19823.99,129.2,80,1.26,2.23
46,"Saint-Georges, Que.",36.044,7.60%,4.4,"$63,757.01","$248,359.00","$144,725.00",2.27,"$1,563.00",14.98%,11302,19.10%,3.73,0.59,0.51,828.74,150.58,111.35,177.6,102.88,34.32,4.54,3.18,1.47%,4546.88,53.9,53.29,1.25,2.86
47,"Maple Ridge, B.C.",81.149,8.70%,6.8,"$85,762.00","$370,593.00","$377,164.00",4.4,"$1,899.00",12.00%,8611,13.20%,3,0.48,7.36,1839.37,188.1,183.71,297.5,94.4,0,9.9,0.78,-28.31%,8186.5,80.6,73.79,0.74,2.46
48,"Delta, B.C.",104.29,3.70%,6.3,"$98,278.89","$668,015.00","$607,783.00",6.18,"$2,399.00",12.00%,8611,13.75%,3.35,0.43,8.98,899.94,155,152.31,343.8,64.28,0,11.1,0,-21.29%,5699.11,58.79,47.87,0.68,2.46
49,"Caledon, Ont.",64.299,5.10%,6.5,"$126,498.61","$841,557.00","$599,054.00",4.74,"$3,626.00",13.00%,8694,19.94%,2.32,0.11,1.21,750.08,151,111.97,194.6,105.17,8.92,6.3,7.7,-17.24%,2463,25.49,15.73,0.33,2.07
50,"Richmond Hill, Ont.",202.077,13.60%,6.9,"$108,310.59","$841,125.00","$736,515.00",6.8,"$2,859.00",13.00%,8694,25.07%,2.2,0.27,13.18,744.58,165.19,120.17,220.8,118.74,4.69,7.9,22.3,-18.72%,2806.5,35.83,39.07,0.86,2.07
51,"Grande Prairie, Alta.",59.686,12.40%,5.5,"$102,944.74","$368,436.00","$281,551.00",2.73,"$2,313.00",5.00%,9474,23.44%,5.34,0.55,1.97,322.41,128.37,80.35,167.3,78.41,42.02,2.22,0.09,25.91%,20606.92,156.89,124.28,1.41,1.99
52,"Saint-Hyacinthe, Que.",58.689,5.30%,6.1,"$60,325.97","$238,599.00","$188,241.00",3.12,"$1,264.00",14.98%,11302,20.62%,8.85,1.81,1.29,870.84,158.09,122.7,208.8,115.77,20.85,6.4,16.43,-27.80%,4660.54,58.17,47.41,1.31,2.73
53,"Terrebonne, Que.",111.769,10.80%,5.2,"$83,548.82","$244,547.00","$253,472.00",3.03,"$2,216.00",14.98%,11302,22.49%,2.71,0.52,4.94,915.36,166.06,128.95,201.6,110.74,22.71,5.94,8.59,-3.34%,4508.46,57.94,63.74,0.37,2.34
54,"Canmore, Alta.",12.703,-9.90%,6.3,"$108,832.97","$914,563.00","$710,673.00",6.53,"$2,277.00",5.00%,9474,13.98%,13.86,4.26,0.44,322.49,140.6,86.81,159.1,64.19,19.19,3.28,0,-10.63%,7182.13,56.93,41.41,2.44,3.94
55,"Port Coquitlam, B.C",59.32,5.30%,6.5,"$91,237.34","$379,400.00","$438,330.00",4.8,"$1,990.00",12.00%,8611,13.95%,2.61,1.02,11.17,2112.41,184.02,180.73,296.1,92,0,10.02,1.05,-10.14%,7612.94,77.57,70.98,0.32,2.46
56,"Vaughan, Ont",319.727,18.60%,6.7,"$121,035.37","$932,777.00","$720,104.00",5.95,"$3,166.00",13.00%,8694,24.40%,1.42,0.17,9.51,697.01,137.43,108.29,211.7,116.77,6.5,7.56,16.13,-18.72%,2806.5,35.83,39.07,0.67,2.07
57,"Victoriaville, Que.",48.568,8.80%,5.9,"$62,146.85","$221,096.00","$131,530.00",2.12,"$1,440.00",14.98%,11302,16.14%,7.68,1.24,0.58,893.93,165.04,122.59,193.6,100.3,25.1,5.29,8.71,-15.11%,5382.2,61.81,58.43,1.54,2.51
58,"Clarington, Ont.",91.473,8.70%,8,"$98,121.01","$358,511.00","$341,395.00",3.48,"$2,859.00",13.00%,8694,18.66%,2.41,0.31,3.6,773.33,146.36,122.72,219.4,110.56,6.03,7.51,5.78,-26.75%,3626.65,44.71,55.55,0.23,1.47
59,"Centre Wellington, Ont.",28.143,2.80%,5.5,"$94,695.99","$517,696.00","$386,475.00",4.08,"$2,560.00",13.00%,8694,15.26%,5.78,0.96,0.78,797.81,179.49,129.7,208,106.39,7.75,6.68,7,-13.51%,2901.27,33.17,31.23,0.57,1.24
60,"Sherbrooke, Que.",210.032,6.50%,6.3,"$64,259.19","$227,363.00","$224,991.00",3.5,"$1,445.00",14.98%,11302,19.61%,6.75,0.71,4.09,847.89,187.14,127.52,181.8,105.04,34.24,4.53,2.05,-17.72%,4819.76,58.11,50.6,0.92,3.86
61,"Richmond, B.C",205.819,9.10%,7.1,"$79,168.76","$703,240.00","$700,346.00",8.85,"$1,920.00",12.00%,8611,25.09%,3.81,1.37,11.64,1227.79,183.84,180.42,305.3,99.52,0,10.55,0.33,-17.31%,6550.88,78.9,59.53,0.78,2.46
62,"Châteauguay, Que.",48.11,8.60%,7.8,"$74,579.61","$209,999.00","$220,808.00",2.96,"$1,812.00",14.98%,11302,17.03%,4.04,0.8,11.77,784.93,163.32,119.11,217.5,117.05,14.26,6.75,17.55,-9.69%,4055.53,48.85,46.3,0.48,2.34
63,"Kitchener, Ont",234.137,6.70%,7.1,"$80,812.04","$301,924.00","$307,463.00",3.8,"$2,042.00",13.00%,8694,16.04%,4.28,1.13,5.72,776.77,165.97,118.73,207.6,115.67,5.99,7.01,9.8,-10.74%,4992.24,58.05,60.75,1.04,1.48
64,"Salmon Arm, B.C.",18.658,6.80%,7.8,"$65,631.79","$467,043.00","$310,215.00",4.73,"$1,396.00",12.00%,8611,10.25%,9.68,1.47,0.59,468.87,137.96,105.54,213.5,104.5,3.97,7.4,3.56,5.02%,9223.9,77.31,59.36,2.36,3.48
65,"Port Moody, B.C",35.508,14.40%,7.1,"$100,851.03","$585,771.00","$597,965.00",5.93,"$2,182.00",12.00%,8611,17.48%,3.24,0.36,14.04,1913.19,170.41,166.52,304.3,72.48,0,10.2,2.27,-19.25%,4795.82,54.68,67.22,0.2,2.46
66,"Moose Jaw, Sask.",35.313,2.20%,5.5,"$74,332.93","$290,600.00","$247,199.00",3.33,"$1,509.00",10.00%,10195,12.29%,6.43,1.6,0.57,274.1,110.16,66.69,176.6,115.14,36.73,4.23,13.22,-11.89%,12465.94,105.25,55.11,1.08,2.12
67,"Pickering, Ont",94.121,2.30%,8.4,"$111,011.26","$515,270.00","$436,068.00",3.93,"$3,175.00",13.00%,8694,17.48%,2.65,0.22,13.11,766.13,145.68,122.66,239,100.48,2.73,8.12,9.56,-26.75%,3626.65,44.71,55.55,0.46,2.07
68,"Saint-Eustache, Que.",45.574,5.10%,5.4,"$76,948.95","$232,920.00","$231,530.00",3.01,"$1,895.00",14.98%,11302,22.05%,3.26,1.31,5.47,915.36,166.06,128.95,201.6,110.74,22.71,5.94,8.59,-21.75%,5238.03,61.44,46.39,0.72,2.34
69,"Laval, Que.",420.226,9.30%,6.8,"$78,128.10","$321,887.00","$298,821.00",3.82,"$1,961.00",14.98%,11302,20.93%,2.69,0.49,13.45,790.42,152,117.51,213.4,110.44,19.78,6.44,17.43,-7.69%,4485.04,60.6,71.55,0.5,2.34
70,"Greater Sudbury, Ont.",166.817,1.00%,7.8,"$82,966.49","$275,308.00","$240,525.00",2.9,"$1,771.00",13.00%,8694,18.10%,5.69,0.62,4.89,675.67,166.87,107.56,186.8,95.6,31.51,4.1,5.41,-5.78%,5560.17,71.66,75.37,0.88,2.03
71,Lloydminster (Sask./Alta.),33.788,10.10%,4.4,"$104,495.53","$477,122.00","$311,723.00",2.98,"$2,183.00",5.00%,9474,20.90%,4.54,0.56,0.24,316.74,114.22,68,162.9,83.06,40.91,2.03,1.31,1.13%,17596.72,146.42,143.51,0.89,1.72
72,"Mississauga, Ont",760.66,4.70%,8.7,"$98,736.78","$500,198.00","$527,133.00",5.34,"$2,371.00",13.00%,8694,22.05%,2.41,0.33,15.79,723.1,126.19,110.71,242.4,102.78,2.56,8.44,14.19,-16.57%,3271.38,47.49,57.11,0.7,2.07
73,"Dawson Creek, B.C.",12.452,7.10%,6.7,"$76,532.64","$226,857.00","$259,164.00",3.39,"$1,403.00",12.00%,8611,16.29%,7.71,1.27,0.52,307.18,126.39,73.89,162.3,75.49,48.34,1.92,0.01,-9.17%,17095.69,149.3,163.84,1.53,2.09
74,"Langley, B.C. (DM)",112.431,10.80%,6.1,"$97,796.38","$667,368.00","$572,758.00",5.86,"$2,283.00",12.00%,8611,14.13%,3.19,0.54,2.77,1715.49,194.47,190.07,311.6,109,0,10.85,2.17,-6.16%,8435.17,102.32,89.82,0.7,2.46
75,"Kamloops, B.C.",104.746,5.30%,8.5,"$75,931.69","$359,903.00","$332,798.00",4.38,"$1,601.00",12.00%,8611,12.64%,5.24,1.33,3.65,224.34,105.58,83.28,246,131.99,3.39,9.27,26.04,-12.42%,11568.68,105.86,111.71,1.1,2.5
76,"Victoria, B.C",84.414,2.00%,7.3,"$59,940.57","$349,237.00","$475,855.00",7.94,$986.00,12.00%,8611,10.26%,23.36,9.51,12.61,845.34,155.05,151.86,319.2,78.88,0,11.24,0.44,-29.54%,10852.96,118.65,122.55,3.62,2.98
77,"Hamilton, Ont.",549.165,4.10%,8.7,"$80,671.87","$348,344.00","$333,028.00",4.13,"$2,099.00",13.00%,8694,15.44%,5.01,0.85,8.78,791.67,156.23,117.75,226.8,120.19,3.29,7.91,14.82,-16.14%,5494.36,71.14,76.67,1.04,2.54
78,"Medicine Hat, Alta.",76.023,1.30%,7.1,"$82,571.51","$382,532.00","$240,884.00",2.92,"$1,806.00",5.00%,9474,14.00%,3.35,0.64,1.58,244.79,94.73,59.2,190.4,120.41,22.82,6.08,13.85,-10.82%,7073.43,72.95,78.53,1.32,1.87
79,"Wetaskiwin, Alta.",13.291,6.90%,9.1,"$74,044.60","$272,678.00","$195,788.00",2.64,"$1,559.00",5.00%,9474,13.78%,8.29,1.6,0.99,369.78,110.33,74.06,152.4,88.57,34.94,2.79,0.09,-19.86%,20337.52,150.53,132.91,1.81,2.48
80,"Markham, Ont.",335.947,15.20%,8.1,"$112,387.02","$810,071.00","$648,288.00",5.77,"$3,012.00",13.00%,8694,24.41%,1.8,0.26,14.18,744.58,165.19,120.17,220.8,118.74,4.69,7.9,22.3,-18.72%,2806.5,35.83,39.07,0.65,2.07
81,"Cobourg, Ont.",19.342,1.90%,8.7,"$75,650.15","$360,944.00","$250,881.00",3.32,"$1,949.00",13.00%,8694,17.87%,9.75,1.35,2.04,793.9,123.57,104.84,224.2,96.36,5.17,7.46,4.12,-33.22%,4783.68,40.5,29.32,0.72,2.02
82,"Saint-Jean-sur-Richelieu, Que.",95.593,5.70%,5.6,"$70,368.07","$230,973.00","$234,519.00",3.33,"$1,620.00",14.98%,11302,18.41%,5.11,1.44,5.88,928.32,151.79,119.35,212.7,114.64,17.68,6.63,12.99,-11.51%,5783.78,68.81,64.08,1.09,2.06
83,"Joliette, Que.",49.49,10.10%,7.4,"$61,384.73","$226,331.00","$188,690.00",3.07,"$1,340.00",14.98%,11302,17.84%,7.48,1.93,1.14,813.12,127.17,95.99,201.8,113.38,21.19,6,11.76,1.85%,6653.91,90.43,73.52,1.43,3.96
84,"Coquitlam, B.C",136.457,11.50%,7.2,"$85,627.73","$534,009.00","$553,719.00",6.47,"$1,918.00",12.00%,8611,16.43%,3.48,0.56,13.54,2112.41,184.02,180.73,296.1,92,0,10.02,1.05,-23.26%,6339.25,71.97,59.65,0.48,2.46
85,"Steinbach, Man",15.468,30.50%,5.5,"$70,877.27","$259,476.00","$278,601.00",3.93,"$1,462.00",13.00%,11036,10.37%,10.03,2.94,0.53,473.44,111.06,75.52,165.5,106.62,50.82,2.8,7.33,-16.57%,7602.56,72.95,67.7,1.49,2.69
86,"Okotoks, Alta.",27.506,30.70%,5.8,"$111,090.58","$533,901.00","$371,821.00",3.35,"$2,904.00",5.00%,9474,18.36%,3.99,0.83,3.24,372.6,110.67,70.44,168.8,95.3,21.16,4.59,0.26,-14.87%,7281.72,59.39,39.54,0.51,1.2
86,"Rivière-du-Loup, Que.",28.65,6.60%,5.3,"$64,128.90","$216,883.00","$199,872.00",3.12,"$1,461.00",14.98%,11302,18.10%,8.84,0.37,0.31,695.61,182.73,122.79,184.2,69.59,20.01,3.46,1.26,71.72%,4495.36,47.07,31.45,1.05,3.25
88,"North Battleford, Sask.",19.847,5.30%,6.2,"$70,616.38","$246,228.00","$215,068.00",3.05,"$1,309.00",10.00%,10195,12.80%,7.54,1.26,0.29,292.64,108.35,65.26,161.7,96.23,46.65,2.09,3.95,12.96%,44384.19,352.39,271.4,1.26,2.72
89,"Saint John, N.B.",131.56,4.30%,8.6,"$76,251.96","$217,369.00","$182,463.00",2.39,"$1,567.00",13.00%,10725,20.32%,6.85,0.23,4.13,1075.96,157.9,122.06,198,74.52,14.12,5.17,0.07,-19.60%,8898.84,95.38,102.87,1.09,2.83
90,"Collingwood, Ont.",21.18,13.60%,8,"$79,590.81","$526,686.00","$373,260.00",4.69,"$2,058.00",13.00%,8694,18.56%,8.15,3.15,0.45,725.26,163.02,116.9,216.3,101.19,4.55,7.04,14.8,-20.62%,6881.62,55.59,54.19,1.61,2.64
91,"Peterborough, Ont.",125.121,3.40%,8.5,"$77,636.56","$366,021.00","$282,462.00",3.64,"$1,908.00",13.00%,8694,16.04%,7.62,2.18,2.24,712.54,160.25,119.97,195,117.2,17.08,6.22,6.84,-16.16%,5978.77,74.26,88.36,1.46,2.29
92,"Kelowna, B.C.",192.947,10.20%,8.1,"$76,707.78","$576,411.00","$444,632.00",5.8,"$1,701.00",12.00%,8611,12.40%,4.08,2.09,2.62,311.28,136.64,107.8,215,123.46,2.94,8.12,3.69,-14.87%,11857.2,117.92,97.1,1.46,2.28
93,"Yorkton, Sask.",18.803,4.90%,5.1,"$70,989.37","$320,402.00","$298,953.00",4.21,"$1,439.00",10.00%,10195,13.80%,6.59,1.37,0.71,349.64,119.47,70.98,162.2,95.4,51.99,1.85,3.38,-22.41%,19863.69,165.56,150.62,1.17,2.29
94,"Corner Brook, Nfld.",27.471,1.10%,13.6,"$78,999.40","$203,627.00","$171,590.00",2.17,"$1,628.00",13.00%,10198,22.15%,7.54,0.28,0.78,884.52,405.55,145.17,401.9,130.49,6.45,10.28,1.26,7.77%,8268.26,66.62,52.96,1.49,4
95,"Sorel-Tracy, Que.",49.039,4.70%,5.4,"$62,887.95","$209,689.00","$184,946.00",2.94,"$1,563.00",14.98%,11302,19.76%,6.66,1.58,2.53,801.17,147.72,111.28,208.7,112.94,19.15,6.33,16.35,-17.72%,4819.76,58.11,50.6,1.08,1.61
96,"Estevan, Sask.",13.906,10.20%,5.2,"$115,348.99","$526,233.00","$378,923.00",3.29,"$2,636.00",10.00%,10195,21.17%,5.25,0.58,-,331.56,116.39,73.73,169.2,113.46,40.44,3.73,12.42,17.71%,16258.6,142.4,104.68,0.14,0.65
97,"Fort St. John, B.C.",28.487,4.80%,5.9,"$100,768.32","$327,251.00","$314,189.00",3.12,"$2,047.00",12.00%,8611,24.16%,6.68,0.67,0.44,292.43,118.47,65.97,181.7,64.24,38.77,2.3,0.15,-15.55%,17634.68,161.29,192.03,1.19,1.54
98,"Woodstock, Ont.",40.247,7.30%,7.7,"$73,737.29","$280,148.00","$234,766.00",3.18,"$2,057.00",13.00%,8694,16.65%,6.78,1.36,1.5,848.76,157.69,123.5,216.7,121.7,5.22,7.84,16,-0.95%,6229.74,68.86,47.57,1.07,1.39
99,"Courtenay, B.C.",59.017,9.20%,9,"$67,769.50","$443,417.00","$385,458.00",5.69,"$1,429.00",12.00%,8611,11.35%,6.97,3.94,1.63,1096.45,172.56,168.85,316.4,76.21,0,9.99,0.63,-28.26%,11131.33,83.49,83.64,1.36,2.91
100,"High River, Alta.",13.964,23.40%,4.6,"$84,659.22","$439,045.00","$317,674.00",3.75,"$1,890.00",5.00%,9474,14.27%,5.98,1.73,1.27,363.66,93.18,59.36,161.3,82.44,23.46,4.19,0.14,-0.72%,8724.88,69.7,55.37,1.22,1.2
101,"Trois-Rivières, Que.",157.141,6.50%,7.5,"$62,931.92","$189,937.00","$140,140.00",2.23,"$1,399.00",14.98%,11302,17.22%,5.31,1.24,2.06,863.88,161.11,119.51,196.6,104.15,27.11,5.23,8.24,-5.74%,5740.3,67.33,46.02,1.29,2.13
102,"Burnaby, B.C",239.926,9.90%,7.4,"$74,573.23","$539,152.00","$649,493.00",8.71,"$1,632.00",12.00%,8611,16.22%,4.33,0.79,25.14,1871.01,178.27,173.76,326.3,82.54,0,10.81,4.68,-19.25%,6987.54,88.75,89.11,0.75,2.46
103,"Petawawa, Ont.",17.71,14.50%,5.5,"$87,139.51","$184,287.00","$278,449.00",3.2,"$1,703.00",13.00%,8694,21.75%,3.76,2.63,0.35,620.6,170.15,115.01,180.7,111.15,39.27,4.49,7.11,-10.20%,2509.93,26.62,27.27,0.11,0.9
104,"Baie-Comeau, Que.",29.207,0.50%,5.1,"$76,503.66","$162,141.00","$155,801.00",2.04,"$2,019.00",14.98%,11302,23.27%,5.66,0.77,0.76,697.61,167.26,110.88,167.9,47.08,42.05,1.67,0,-9.82%,6169.74,61.4,59.83,0.38,2.53
105,"Kenora, Ont.",16.785,10.10%,7.6,"$80,973.47","$266,464.00","$239,812.00",2.96,"$1,764.00",13.00%,8694,16.49%,8.61,0.93,0.93,565.27,152.85,89.45,185.5,91.16,45.27,3.11,10.38,337.79%,10796.82,93.02,115.49,1.37,1.91
106,"Cold Lake, Alta.",15.325,15.50%,3.4,"$111,425.03","$241,603.00","$276,515.00",2.48,"$2,377.00",5.00%,9474,21.52%,6.45,1.66,0.36,319.19,117.64,71.42,165.6,85.51,43.74,2.09,1.12,-6.02%,17226.14,130.98,96.79,0.52,1.37
107,"Timmins, Ont.",44.683,1.50%,7.3,"$80,905.89","$242,157.00","$212,070.00",2.62,"$1,707.00",13.00%,8694,23.13%,8.37,0.97,4.06,558.3,183.59,107.21,158.7,88.62,57.97,1.8,4,-4.82%,8463.75,112.44,161.67,1.01,1.61
108,"Sarnia, Ont.",93.512,1.90%,10.2,"$84,993.70","$316,645.00","$206,921.00",2.43,"$2,000.00",13.00%,8694,14.29%,5.08,1.85,1.9,769.99,149.98,116.68,232.5,120.81,2.29,8.34,23.68,2.14%,7472.75,78.02,80.35,0.96,1.59
109,"Thunder Bay, Ont.",126.257,0.00%,8.4,"$75,358.39","$267,786.00","$231,965.00",3.08,"$1,637.00",13.00%,8694,15.98%,5.71,1.47,2.93,539.97,142.86,90.74,161.9,85.48,45.17,2.68,1.71,-17.46%,7580.67,89.38,121.16,1.28,2.39
110,"Terrace, B.C.",16.034,1.30%,8,"$67,761.74","$201,976.00","$178,333.00",2.63,"$1,360.00",12.00%,8611,21.40%,8.79,1.03,1.39,1025.27,206.84,172.44,248.4,54.82,1.42,6.59,1.62,-5.45%,21784.5,145.19,129.54,1.31,2.43
111,"North Bay, Ont.",67.165,2.20%,8.6,"$75,936.45","$271,730.00","$264,953.00",3.49,"$1,634.00",13.00%,8694,21.07%,8.9,1.31,4.51,802.75,180.32,115.74,189.8,91.31,29.49,4.22,4.03,2.12%,6300.94,68.44,63.38,1.18,2.11
112,"Tillsonburg, Ont.",16.263,4.90%,7.2,"$71,939.89","$362,985.00","$216,549.00",3.01,"$2,070.00",13.00%,8694,14.97%,7.51,1.31,0.2,906.39,148.26,116.94,217,121.98,4.13,7.98,17.15,-25.66%,4241.35,44.09,48.34,1.41,1.48
113,"Charlottetown, PEI",69.875,11.50%,9.9,"$72,471.55","$243,127.00","$222,730.00",3.07,"$1,486.00",14.00%,11117,18.23%,7.69,1.08,0.83,887.07,182.36,130.78,205,79.32,6.53,5.65,1.04,6.20%,10808.72,95.1,51.63,1.73,2.58
114,"Swift Current, Sask.",18.162,6.10%,4.1,"$74,189.65","$388,423.00","$315,250.00",4.25,"$1,573.00",10.00%,10195,13.98%,5.8,0.73,0.45,285.33,120.16,68.48,173.7,99.03,29.46,4.09,6.02,0.87%,12724.42,121.68,58.94,0.83,2.7
115,"Granby, Que.",80.992,9.10%,6.1,"$66,381.57","$249,857.00","$216,192.00",3.26,"$1,494.00",14.98%,11302,17.04%,5.53,1.02,0.78,944.28,178.64,127.35,210.2,105.83,16.22,6.28,9.97,-11.86%,4664.83,56.66,47.44,0.83,1.95
116,"Pembroke, Ont.",25.207,4.10%,7.2,"$72,512.46","$267,989.00","$250,264.00",3.45,"$1,529.00",13.00%,8694,15.48%,7.13,1.35,1,620.6,170.15,115.01,180.7,111.15,39.27,4.49,7.11,-14.48%,6663.06,57.73,61.15,0.91,1.71
117,"Dollard-Des Ormeaux, Que.",50.392,1.50%,8,"$99,465.72","$504,408.00","$420,146.00",4.22,"$2,301.00",14.98%,11302,22.48%,2.29,0.45,15.45,784.93,163.32,119.11,217.5,117.05,14.26,6.75,17.55,-20.30%,5786.98,91.83,119.32,0.28,2.34
118,"Rouyn-Noranda, Que.",43.291,5.10%,6,"$71,108.69","$220,314.00","$231,346.00",3.25,"$1,601.00",14.98%,11302,20.91%,9.62,1.17,1.11,651.24,183.19,118.76,163.3,83.29,61,1.72,1.98,-11.37%,5767.69,69.27,59.73,0.95,2.15
119,"Strathmore, Alta.",13.225,16.10%,5.7,"$91,508.76","$462,518.00","$300,820.00",3.29,"$2,000.00",5.00%,9474,14.24%,6.26,0.58,1.03,326.4,111.77,67.89,170.8,87.21,21.7,4.43,0.16,-15.86%,12470.24,106.38,81.72,0.68,2.51
120,"Barrie, Ont.",198.706,4.70%,8.4,"$88,713.53","$351,102.00","$318,596.00",3.59,"$2,411.00",13.00%,8694,19.69%,3.6,0.47,3.44,709.92,156.12,114.36,207.8,112.54,12.2,6.94,15.48,-19.56%,5565.29,56.94,53.52,0.99,1.45
121,"Thompson, Man.",13.711,-5.10%,5.5,"$98,393.22","$118,638.00","$203,597.00",2.07,"$1,927.00",13.00%,11036,21.41%,10.33,0.68,0.64,340.18,144.26,74.94,126.7,66.93,100,-2.85,1.25,-0.64%,40979.73,264.87,336.64,0.29,2.84
122,"Brantford, Ont.",142.829,4.20%,7.6,"$77,970.08","$315,656.00","$279,010.00",3.58,"$2,130.00",13.00%,8694,14.89%,4.49,1.04,2.83,769.62,135.6,114.02,218.2,124.55,5,8.09,19.03,-11.09%,8348.16,100.31,67.73,0.78,1.43
123,"Brooks, Alta.",24.506,1.50%,5.5,"$94,557.13","$366,892.00","$253,867.00",2.68,"$1,925.00",5.00%,9474,15.08%,5.51,0.93,0.19,230.97,92.41,65.32,174.6,115.39,29.24,5.11,3.99,-3.75%,11035.96,97.2,106.22,0.78,0.86
124,"New Westminster, B.C",70.988,11.60%,7.9,"$70,966.91","$316,799.00","$484,887.00",6.83,"$1,356.00",12.00%,8611,13.22%,5.84,0.6,26.54,1920.65,183.1,175.36,320.3,57.03,0,9.61,2.21,-16.75%,9772.76,104.75,105.02,1.63,2.46
125,"Vernon, B.C.",61.731,5.90%,9.2,"$70,229.56","$468,319.00","$375,190.00",5.34,"$1,547.00",12.00%,8611,11.95%,6.58,1.74,0.63,333.29,135.78,103.99,249,107.54,3.07,8.27,11.84,-18.88%,13165.41,132.63,100.39,1.49,2.93
126,"Nanaimo, B.C.",103.959,5.60%,9.3,"$67,894.09","$396,032.00","$367,943.00",5.42,"$1,436.00",12.00%,8611,15.56%,6.32,1.54,2.85,1098.2,175.64,169.96,293.7,96.89,0,10.08,1.47,-8.61%,11837.56,105.71,90.12,1.65,2.6
127,"Longueuil, Que.",237.9,1.90%,7.5,"$69,795.86","$217,578.00","$261,556.00",3.75,"$1,583.00",14.98%,11302,18.11%,3.94,1.58,21.78,798.56,164.56,119.8,205.9,117.5,19.38,6.15,13.88,-23.73%,5056.13,70.83,65.18,0.79,2.34
128,"Ajax, Ont.",120.874,20.60%,8.7,"$105,024.43","$371,009.00","$404,568.00",3.85,"$2,912.00",13.00%,8694,17.77%,2.52,0.2,14.03,766.13,145.68,122.66,239,100.48,2.73,8.12,9.56,-26.75%,3626.65,44.71,55.55,0.59,2.07
129,"Sault Ste. Marie, Ont.",83.612,1.00%,10.5,"$73,739.87","$247,852.00","$209,690.00",2.84,"$1,546.00",13.00%,8694,17.19%,6.4,1.06,3.93,651.28,175.84,109.87,190.9,93.52,22.24,4.73,2.11,-11.77%,6727.49,91.06,69.54,1.32,1.81
130,"Oshawa, Ont",158.987,5.80%,10.8,"$80,558.49","$268,814.00","$289,861.00",3.6,"$2,132.00",13.00%,8694,17.64%,4.08,0.48,8.02,766.13,145.68,122.66,239,100.48,2.73,8.12,9.56,-26.75%,3626.65,44.71,55.55,0.67,1.47
131,"Ingersoll, Ont.",12.849,4.30%,6.9,"$76,629.84","$252,415.00","$217,908.00",2.84,"$2,167.00",13.00%,8694,15.24%,5.28,1.11,0.19,834.67,165.43,124.45,222.9,119.14,2.81,7.97,15.05,-16.53%,4991.94,55.59,45.73,0.86,0.78
132,"Belleville, Ont.",97.078,1.90%,7.7,"$72,826.84","$250,987.00","$207,153.00",2.84,"$1,767.00",13.00%,8694,14.88%,6.07,1.51,2.24,771.9,148.62,116.16,229.3,117.15,7.46,8.09,22.51,-13.26%,10286.86,108.67,111.78,1.26,1.95
133,"Squamish, B.C.",19.383,11.10%,8.2,"$86,514.31","$384,166.00","$430,593.00",4.98,"$1,874.00",12.00%,8611,12.28%,5.28,1.74,2.18,2125.55,183.87,177.34,290.4,93.5,0,9.74,0.47,-29.26%,11363.26,108.71,96.24,1.08,1.75
134,"St. Catharines, Ont",136.665,0.50%,9.7,"$72,659.67","$292,790.00","$246,055.00",3.39,"$1,864.00",13.00%,8694,14.72%,5.24,1.46,4.21,754.19,150.68,117.03,238.1,127.47,0.94,8.98,28.89,-18.74%,4978.1,63.53,54.05,1.38,1.37
135,"Cambridge, Ont",134.255,4.60%,8.3,"$87,137.35","$332,707.00","$321,792.00",3.69,"$2,463.00",13.00%,8694,16.46%,2.94,0.9,3.57,785.4,133.82,106.82,203.6,116.22,5.12,7.28,11.49,-10.74%,4992.24,58.05,60.75,0.78,1.48
136,"Leamington, Ont.",51.792,0.70%,6.6,"$73,927.22","$317,589.00","$219,791.00",2.97,"$1,727.00",13.00%,8694,13.99%,7.42,1.1,0.17,814.23,129.33,111.14,246.1,123.67,1.17,9.58,36.73,-19.03%,4184.76,52.52,57.72,0.64,0.75
137,"Grand Falls-Windsor, Nfld.",13.882,1.40%,12.9,"$75,975.84","$198,383.00","$193,358.00",2.54,"$1,550.00",13.00%,10198,15.77%,7.35,0.37,0.74,806.05,159.13,122.45,183.1,69.37,11.64,4.45,0.64,-12.17%,4643.96,45.46,41.71,2.81,5.55
138,"Owen Sound, Ont.",33.367,-0.70%,8.2,"$69,348.21","$322,275.00","$239,285.00",3.45,"$1,643.00",13.00%,8694,16.96%,8.24,0.76,1.53,783.94,176.8,124.71,228.4,99.95,3.83,7.47,10.98,-10.82%,6478.28,58.39,56.47,1.32,3.24
139,"Wood Buffalo, Alta.",76.957,25.00%,4.7,"$187,772.82","$368,147.00","$556,548.00",2.96,"$4,599.00",5.00%,9474,28.41%,3.62,0.16,15,316.32,142.48,83.73,153.1,84.19,57.52,0.96,0.89,-47.40%,12581.44,107.7,122.53,0.52,0.84
140,"Saint-Jérôme, Que.",71.609,6.00%,7,"$61,308.25","$176,072.00","$198,024.00",3.23,"$1,377.00",14.98%,11302,20.65%,5.98,1.41,1.81,864.69,143.68,111.29,197.1,103.28,23.83,5.47,7.59,-8.63%,7968.44,102.2,89.17,0.99,2.34
141,"Cranbrook, B.C.",26.113,-0.10%,7.1,"$75,955.86","$362,713.00","$321,557.00",4.23,"$1,578.00",12.00%,8611,13.91%,7.34,1.52,1.52,279.49,121.53,84.18,191.2,101.54,10,6.03,3.45,-10.17%,11741.73,105.66,98.49,0.92,3.41
142,"Mascouche, Que.",47,26.30%,4.9,"$82,505.47","$214,759.00","$250,327.00",3.03,"$2,169.00",14.98%,11302,23.07%,1.61,0.67,4.34,827.38,158.26,123.08,204.7,118.02,21.1,6.42,22.18,12.58%,4924.84,69.24,72.28,0.32,2.34
143,"Penticton, B.C.",44.294,3.40%,8.5,"$63,974.51","$447,262.00","$422,462.00",6.6,"$1,442.00",12.00%,8611,10.52%,10.66,3.15,1.01,298.52,119.22,98.74,254.6,128.98,0.24,9.45,14.72,-2.70%,14202.84,120.32,80.64,1.74,2.93
144,"Portage la Prairie, Man.",13.47,3.40%,4.7,"$61,121.44","$206,716.00","$204,788.00",3.35,"$1,303.00",13.00%,11036,12.41%,9.31,1.98,0.34,407.4,97.71,62.49,161,104.45,49.92,2.81,9.49,5.55%,23844.32,207.05,167.12,1.41,1.71
145,"Brockville, Ont.",40.521,-1.60%,7.2,"$74,765.39","$344,189.00","$263,837.00",3.53,"$1,782.00",13.00%,8694,16.61%,6.82,1.09,0.78,806.82,154.9,118.81,226.6,111.03,9.27,7.5,12.46,-24.37%,8529.35,78.4,77.54,1.06,1.97
146,"Port Hope, Ont.",16.808,-1.40%,8.5,"$81,429.85","$345,405.00","$264,204.00",3.24,"$2,286.00",13.00%,8694,16.57%,6.84,0.6,1.18,736.34,138.58,113.53,235.4,94.51,4.31,7.63,5.4,-11.60%,4796.61,43.99,33.59,0.65,1.37
147,"Abbotsford - Mission, B.C.",180.636,6.50%,8.2,"$76,888.38","$401,988.00","$406,172.00",5.28,"$1,701.00",12.00%,8611,11.75%,3,0.71,1.62,1483.26,179.45,174.09,312.3,100.3,0,10.44,2.2,-39.30%,5891.33,71.21,70.38,0.97,1.61
148,"Prince George, B.C.",88.523,2.20%,10,"$77,441.73","$238,649.00","$233,839.00",3.02,"$1,612.00",12.00%,8611,14.10%,5.2,0.86,1.74,423.61,162.91,113.51,181.1,71.4,16.71,4.31,0.06,7.79%,17555.59,151.39,166.34,1.37,2.49
149,"Orillia, Ont.",42.568,0.00%,9.4,"$68,764.77","$325,896.00","$270,147.00",3.93,"$1,659.00",13.00%,8694,21.90%,7.48,1.02,2.32,776.02,161.4,118.56,210,104.38,13.71,6.72,12.29,-25.74%,7684.23,75.06,85.54,1.57,2.89
150,"Haldimand County, Ont",46.504,-0.20%,6.6,"$80,152.52","$366,550.00","$283,728.00",3.54,"$2,308.00",13.00%,8694,11.79%,5.96,0.64,0.36,846.83,153.23,127.08,244.6,116.56,0.72,9.15,20.34,-3.12%,4368.95,53.8,45.27,0.37,1.43
151,"Saguenay, Que.",161.878,3.50%,7,"$67,552.80","$159,606.00","$179,805.00",2.66,"$1,615.00",14.98%,11302,20.48%,4.81,0.73,2.29,663.75,198.36,122.13,175.5,86.8,46.58,2.79,3.93,-0.49%,5539.96,71.12,79.39,0.96,2.17
152,"Mirabel, Que.",45.557,20.90%,5.1,"$79,021.25","$214,984.00","$246,999.00",3.13,"$2,085.00",14.98%,11302,22.08%,3.65,0.5,2.44,835.94,167.46,119.55,198.7,111.65,25.27,5.33,6.84,2.77%,3515.39,54.12,41.95,0.24,2.34
153,"Langley, B.C (City)",26.779,5.60%,6.7,"$65,857.72","$241,775.00","$348,925.00",5.3,"$1,238.00",12.00%,8611,14.13%,5.88,0.98,5.65,1715.49,194.47,190.07,311.6,109,0,10.85,2.17,2.45%,16086.25,183.86,138.63,0.86,2.46
154,"Alma, Que.",34.28,7.20%,8.4,"$67,674.22","$170,914.00","$155,356.00",2.3,"$1,684.00",14.98%,11302,19.17%,8.21,0.75,0.08,728.54,182.67,120.58,166.1,76,37.09,2.93,1.61,-14.71%,4558.95,52.34,35.27,1.05,2.16
155,"Thetford Mines, Que.",28.498,2.30%,5.7,"$55,252.54","$192,748.00","$112,275.00",2.03,"$1,290.00",14.98%,11302,16.28%,6.58,0.54,0.66,945.46,186.89,126.93,195,82.94,21.92,4.55,2.41,1.47%,4546.88,53.9,53.29,1.33,2.11
156,"Drummondville, Que.",92.259,7.90%,7.6,"$60,551.74","$186,240.00","$142,959.00",2.36,"$1,386.00",14.98%,11302,16.91%,6.17,0.95,1.09,872.14,158.99,117.02,210,108.87,19.42,6.35,16.26,1.07%,6683.4,100.08,85.85,0.87,1.45
157,"Sept-Iles, Que.",29.757,4.80%,7.2,"$77,754.13","$180,002.00","$212,986.00",2.74,"$1,834.00",14.98%,11302,22.12%,10.07,0.85,0.39,747.54,173.8,111.04,165.6,32.31,47.32,1.01,0,5.30%,8307.86,106.22,112.23,0.37,2.12
158,"Temiskaming Shores, Ont.",14.09,1.60%,11.7,"$70,076.56","$242,398.00","$185,884.00",2.65,"$1,527.00",13.00%,8694,19.84%,11.89,0.31,1.31,576.47,169.36,104.65,168.2,93.38,52.9,2.58,5.05,-54.70%,4475.68,40.27,62.44,0.78,1.92
159,"Sylvan Lake, Alta.",13.561,22.10%,7.1,"$102,024.96","$460,779.00","$314,632.00",3.08,"$2,290.00",5.00%,9474,16.98%,4.74,0.29,0.12,383.66,119.12,75.04,152.9,83.48,31.91,2.75,0,-12.75%,11081.97,96.38,82.31,0.74,2.3
160,"Quesnel, B.C.",23.387,7.70%,12.3,"$72,163.90","$250,224.00","$186,323.00",2.58,"$1,406.00",12.00%,8611,12.26%,4.81,0.87,0.55,394.29,150.7,110.75,188,93.68,12.89,5.48,0.07,-17.75%,25262.83,229.87,259.04,0.98,1.37
161,"Cowansville, Que.",12.995,5.20%,6.6,"$57,885.10","$202,989.00","$209,944.00",3.63,"$1,400.00",14.98%,11302,18.17%,10.76,1.23,0.94,1025.9,182.03,130.73,187.1,107.32,25.83,5.4,4.26,-24.20%,4514.2,64.26,50.4,1,3.92
162,"Windsor, Ont.",330.623,-0.80%,10.4,"$75,446.61","$281,565.00","$209,440.00",2.78,"$1,732.00",13.00%,8694,16.70%,3.8,1.2,2.6,822.35,149.54,119.99,248.9,138.85,1.16,9.87,54.3,-9.31%,14708.21,137.18,124.47,1.26,1.55
163,"Amos, Que.",17.432,-0.10%,8.2,"$73,855.00","$196,094.00","$190,963.00",2.59,"$1,937.00",14.98%,11302,21.47%,11.26,0.25,0.65,675.66,151.36,105,162,73.75,53.1,1.45,1.8,3.78%,5215.48,77.29,131.07,0.92,4.07
164,"Georgina, Ont.",45.951,2.30%,8.4,"$79,111.68","$297,594.00","$344,549.00",4.36,"$2,325.00",13.00%,8694,14.22%,2.97,0.37,2.45,709.92,156.12,114.36,207.8,112.54,12.2,6.94,15.48,-18.72%,2806.5,35.83,39.07,0.44,2.07
165,"Duncan, B.C.",45.828,4.60%,8.4,"$67,995.26","$394,180.00","$354,684.00",5.22,"$1,471.00",12.00%,8611,8.27%,6.99,0.9,0.92,1449.85,202.45,197.89,294.4,100.11,0,10.03,0.96,-13.34%,15508.49,117.89,102.6,1.2,2.73
166,"Brampton, Ont",580.672,17.40%,9.5,"$93,692.33","$371,427.00","$458,496.00",4.89,"$2,483.00",13.00%,8694,15.99%,1.79,0.24,9.87,681.59,145.94,113.23,228.7,122.26,3.9,8.17,27.92,-16.57%,3271.38,47.49,57.11,0.59,2.07
167,"Val-d'Or, Que.",34.397,4.30%,7,"$74,258.86","$197,878.00","$220,638.00",2.97,"$1,820.00",14.98%,11302,19.67%,8.73,1.05,0.41,639.39,196.84,115.05,160.9,79.45,63.33,1.38,2.68,-0.17%,7744.21,84.17,106.61,0.49,1.92
168,"Niagara Falls, Ont",86.704,1.70%,8.9,"$71,163.52","$271,765.00","$245,792.00",3.45,"$1,968.00",13.00%,8694,14.20%,5.13,1.26,2.6,820.37,170.66,132.05,240.8,124.49,1,9.16,36.46,-18.74%,4978.1,63.53,54.05,0.98,1.37
169,"Montréal, Que.","1,688,220",1.70%,10,"$61,741.62","$252,242.00","$393,162.00",6.37,"$1,124.00",14.98%,11302,19.30%,8.44,2.31,34.4,798.56,164.56,119.8,205.9,117.5,19.38,6.15,13.88,-20.30%,5786.98,91.83,119.32,0.66,2.34
170,"Powell River, B.C.",17.399,0.90%,8.2,"$63,103.15","$287,683.00","$244,040.00",3.87,"$1,398.00",12.00%,8611,6.89%,6.02,2.07,1.59,1048.94,179.13,176.3,322.8,77.82,0,10.79,0.64,-4.32%,9552.19,76.58,58.95,1.84,2.64
171,"Chilliwack, B.C.",98.489,9.60%,6.7,"$69,649.49","$355,373.00","$324,294.00",4.66,"$1,487.00",12.00%,8611,11.72%,4.41,1.07,0.98,1582.21,189.87,183.83,313.7,109.76,0,10.8,3,-19.09%,11021.86,114.59,93.45,0.62,0.51
172,"Kentville, N.S.",27.043,1.90%,10,"$63,327.69","$233,264.00","$169,250.00",2.67,"$1,255.00",15.00%,11159,18.61%,5.06,0.27,2.08,930.81,166.58,129.01,217.7,94.94,2.95,7.08,3,3.03%,10559.11,105.2,72.68,1.77,3.92
173,"Cornwall, Ont.",61.839,2.80%,9.9,"$64,362.25","$201,638.00","$170,239.00",2.65,"$1,477.00",13.00%,8694,16.03%,7.02,0.81,2.06,831.33,150.11,114.92,224.1,119.94,9.26,7.6,25.55,-7.54%,9036.28,101.08,116.05,1.2,1.7
174,"Surrey, B.C",509.857,17.70%,7.9,"$86,433.97","$516,800.00","$544,823.00",6.3,"$1,995.00",12.00%,8611,15.70%,2.46,0.33,10.45,1360.83,178.02,174.67,315.8,89.04,0,10.51,1.9,-12.47%,10356.34,123.85,130.19,0.61,2.46
175,"Campbell River, B.C.",38.066,5.30%,9.5,"$70,141.96","$338,717.00","$303,413.00",4.33,"$1,417.00",12.00%,8611,12.30%,5.3,1.25,2.41,1407.75,192.81,185.9,273.2,82.57,0.11,9.03,0.93,-19.07%,12175.65,89.58,76.8,1.84,2.6
176,"Salaberry-de-Valleyfield, Que.",41.247,3.10%,8.3,"$59,690.80","$189,986.00","$182,478.00",3.06,"$1,347.00",14.98%,11302,17.46%,5.5,1.8,1.18,794.66,150.94,117.3,211.7,113.4,13.76,6.77,17.66,4.84%,7741.06,90.75,88.35,0.48,2.55
177,"Parksville, B.C.",28.992,4.70%,8.8,"$65,323.07","$586,213.00","$401,502.00",6.15,"$1,599.00",12.00%,8611,11.17%,7.51,2.28,1.03,1093.24,173.41,167.62,263.6,91.01,0,9.18,0.22,-40.26%,8398.67,73.24,41,1.24,1.79
178,"Norfolk, Ont.",65.656,1.80%,8.7,"$74,181.21","$375,060.00","$269,632.00",3.63,"$1,995.00",13.00%,8694,11.95%,6.22,0.74,0.5,906.39,148.26,116.94,217,121.98,4.13,7.98,17.15,-19.29%,4678.88,51.08,40.25,0.65,0.78
179,"Bathurst, N.B.",33.984,-0.60%,11.9,"$64,540.57","$128,918.00","$91,263.00",1.41,"$1,462.00",13.00%,10725,18.87%,5.57,0.71,0.55,772.34,167.48,129.14,187,82.03,21.72,4.57,6.78,-11.57%,8112.39,92.33,50.12,1,3.27
180,"Welland, Ont",52.806,1.30%,9.5,"$67,062.22","$207,314.00","$190,489.00",2.84,"$1,855.00",13.00%,8694,13.51%,4.77,1.25,1.53,855.8,151.77,125.91,226.5,125.67,2.72,8.75,20.55,-18.74%,4978.1,63.53,54.05,0.91,1.37
181,"Edmundston, N.B.",22.211,-1.60%,10.2,"$58,558.14","$147,996.00","$126,039.00",2.15,"$1,448.00",13.00%,10725,20.52%,5.67,0.44,0.35,753.02,128.33,94.37,169.8,92.6,36.05,3.63,1.36,-1.45%,6375.49,73.62,51.22,0.99,4.05
182,"Chatham-Kent, Ont.",105.739,-4.80%,10.2,"$68,023.88","$260,677.00","$164,749.00",2.42,"$1,697.00",13.00%,8694,13.84%,5.39,1.28,0.8,803.14,137.07,117.95,246.9,132.09,1.42,9.75,46.68,-14.15%,6671.85,89.36,55.16,0.78,1.08
183,Campbellton (N.B./Que.),18.148,2.80%,17.4,"$56,143.17","$121,578.00","$94,024.00",1.67,"$1,171.00",13.00%,10725,20.51%,7.44,0.62,0.26,685.6,161.3,113.27,175.6,76.82,27.84,3.43,2.44,6.87%,11277.12,113.03,79.66,0.94,3.31
184,"Prince Albert, Sask.",44.754,3.60%,9.7,"$79,216.63","$298,294.00","$347,536.00",4.39,"$1,577.00",10.00%,10195,14.85%,6.12,0.95,0.54,327.22,121.34,74.82,156.2,94.29,58.39,1.44,2.72,-12.38%,17117.41,203.21,217.47,2.19,2.52
185,"Summerside, PEI",16.697,2.40%,12.5,"$61,894.70","$150,216.00","$146,670.00",2.37,"$1,191.00",14.00%,11117,15.30%,6.51,0.89,0.12,809.11,177.93,132.87,206.5,76.74,5.91,5.74,0.43,8.43%,14020.45,135.36,89.03,2.16,3.11
186,"Williams Lake, B.C.",19.443,-0.60%,11.5,"$69,731.58","$213,356.00","$203,818.00",2.92,"$1,271.00",12.00%,8611,14.49%,6.16,1.14,0.98,307.55,137.37,89.39,179.1,71.07,14.19,4.52,0.12,-14.22%,30984.74,241.23,272.53,1.03,2.52
187,"Bay Roberts, Nfld.",11.072,4.10%,15.5,"$77,554.67","$201,051.00","$184,168.00",2.37,"$1,524.00",13.00%,10198,20.57%,5.8,-,1.01,1014.99,158.09,137.26,213,60.33,1.05,6.28,0.16,21.16%,3842.05,39.4,29.53,0.45,0.63
188,"Elliot Lake, Ont.",11.615,-1.50%,16.6,"$53,699.17","$132,866.00","$105,136.00",1.96,"$1,149.00",13.00%,8694,18.27%,14.01,1.1,1.51,782.65,137.33,95.08,189,92.29,18.72,4.86,1.54,-12.56%,5496.65,64.76,70.66,0.34,1.29
189,"Miramichi, N.B.",28.52,-0.80%,16.1,"$63,087.83","$153,430.00","$106,491.00",1.69,"$1,212.00",13.00%,10725,19.65%,5.38,0.24,0.38,793.86,161.68,123.86,183.1,97.15,24.39,4.87,5.89,-18.32%,6559.33,62.42,44.31,1.26,2.42
190,"Kawartha Lakes, Ont.",75.515,-1.60%,8.5,"$75,967.66","$374,580.00","$281,322.00",3.7,"$1,942.00",13.00%,8694,15.15%,5.3,0.68,0.55,712.54,160.25,119.97,195,117.2,17.08,6.22,6.84,-36.91%,9643.52,90.93,119.87,0.7,1.03
191,"Truro, N.S.",47.021,1.20%,10.3,"$63,462.54","$204,625.00","$161,810.00",2.55,"$1,191.00",15.00%,11159,17.86%,7.97,0.47,0.24,979.48,175.22,140.42,197.1,90.13,9.66,6.03,0.86,-21.26%,13266.69,112.32,91.84,1.08,2.19
192,"Shawinigan, Que.",55.5,-0.70%,8.2,"$53,338.74","$159,004.00","$128,249.00",2.4,"$1,220.00",14.98%,11302,14.45%,7.39,0.6,1.55,863.88,161.11,119.51,196.6,104.15,27.11,5.23,8.24,-12.12%,6910.38,82.56,79.38,1.24,2.32
193,Hawkesbury (Que./Ont.),12.547,-1.80%,9.4,"$56,055.95","$209,445.00","$197,439.00",3.52,"$1,209.00",14.98%,11302,18.67%,9.12,1.32,1.86,849.19,134.59,103.98,197.5,113.56,23.12,5.95,11.38,-16.79%,9158.74,107.27,120.56,1.59,2.79
194,"Midland, Ont.",36.802,-1.10%,10.8,"$68,015.10","$297,841.00","$246,566.00",3.63,"$1,824.00",13.00%,8694,15.35%,6.91,0.97,0.79,713.95,164.32,112.39,199.6,109.11,11.88,6.51,8.75,-17.83%,7989.69,89.93,96.93,0.95,1.79
195,"Prince Rupert, B.C.",13.443,-1.20%,14.6,"$70,323.57","$168,778.00","$218,044.00",3.1,"$1,297.00",12.00%,8611,13.91%,15.79,1.1,3.45,2530.35,243.5,235.94,285.9,6.44,0.04,7.5,0,4.95%,28233.55,165.81,177.78,1.19,1.56
196,"Cape Breton, N.S.",102.924,-2.90%,16.5,"$61,893.52","$138,933.00","$140,158.00",2.26,"$1,167.00",15.00%,11159,16.75%,5.76,0.21,1.52,1242.36,190.99,146.91,204.4,74.93,2.73,5.86,1.2,-12.13%,6991.78,72.41,62.09,1.13,2.17
197,"Matane, Que.",18.592,-0.50%,9.6,"$55,703.49","$149,453.00","$139,660.00",2.51,"$1,335.00",14.98%,11302,20.98%,7.5,0.56,1.08,670.52,166.02,110.27,183.5,50.76,19.26,2.99,0.54,-8.88%,4914.87,65.1,86.01,1.67,1.83
198,"New Glasgow, N.S.",36.625,0.40%,11.3,"$62,756.48","$184,614.00","$145,805.00",2.32,"$1,234.00",15.00%,11159,21.30%,5.81,0.42,0.39,953.27,158.7,120.11,203.8,89.25,5.79,6.63,3.2,-16.43%,11770.49,94.38,95.08,0.71,1.91
199,"Lachute, Que.",13.374,11.40%,8.2,"$57,090.03","$201,775.00","$217,163.00",3.8,"$1,338.00",14.98%,11302,16.47%,8.54,0.51,0.55,940.09,166.91,125.3,203.8,110.71,21.08,5.98,9.26,-7.68%,6895.21,110.24,94.92,0.6,2.54
200,"Dolbeau-Mistassini, Que.",16.28,0.90%,11.9,"$56,383.06","$137,081.00","$130,298.00",2.31,"$1,381.00",14.98%,11302,16.46%,8.97,1.58,0.34,628.72,122.79,90.85,166.4,81.9,56.69,1.91,2.55,-21.22%,5250.18,63.89,61.13,0.98,2.03